{"cameraMode":{"drawMode":0,"name":"Shaded","section":"Shading Mode"},"sceneLighting":false,"audioPlay":false,"sceneViewState":{"m_AlwaysRefresh":false,"showFog":false,"showSkybox":false,"showFlares":false,"showImageEffects":false,"showParticleSystems":false,"showVisualEffectGraphs":true,"m_FxEnabled":true},"in2DMode":false,"pivot":{"x":-0.003483980894088745,"y":0.8405336737632752,"z":-0.0630839467048645},"rotation":{"x":0.261171817779541,"y":0.09307464957237244,"z":-0.02530360221862793,"w":0.9604691863059998},"size":1.4873812198638917,"orthographic":false}